sample	read_group
APOE_3M_1.FCHJKY5BBXX_L1_IATCACG	FCHJKY5BBXX_L1_IATCACG
APOE_3M_10.FCHJKY5BBXX_L2_IGAGTGG	FCHJKY5BBXX_L2_IGAGTGG
APOE_3M_11.FCHJKY5BBXX_L2_IACTGAT	FCHJKY5BBXX_L2_IACTGAT
APOE_3M_12.FCHJKY5BBXX_L2_IATTCCT	FCHJKY5BBXX_L2_IATTCCT
APOE_3M_13.FCHJKY5BBXX_L3_IATCACG	FCHJKY5BBXX_L3_IATCACG
APOE_3M_14.FCHJKY5BBXX_L3_ITTAGGC	FCHJKY5BBXX_L3_ITTAGGC
APOE_3M_15.FCHJKY5BBXX_L3_IACTTGA	FCHJKY5BBXX_L3_IACTTGA
APOE_3M_16.FCHJKY5BBXX_L3_IGATCAG	FCHJKY5BBXX_L3_IGATCAG
APOE_3M_17.FCHJKY5BBXX_L3_ITAGCTT	FCHJKY5BBXX_L3_ITAGCTT
APOE_3M_18.FCHJKY5BBXX_L3_IGGCTAC	FCHJKY5BBXX_L3_IGGCTAC
APOE_3M_19.FCHJKY5BBXX_L4_IGTGGCC	FCHJKY5BBXX_L4_IGTGGCC
APOE_3M_2.FCHJKY5BBXX_L1_ITTAGGC	FCHJKY5BBXX_L1_ITTAGGC
APOE_3M_20.FCHJKY5BBXX_L4_IGTTTCG	FCHJKY5BBXX_L4_IGTTTCG
APOE_3M_21.FCHJKY5BBXX_L4_ICGTACG	FCHJKY5BBXX_L4_ICGTACG
APOE_3M_22.FCHJKY5BBXX_L4_IGAGTGG	FCHJKY5BBXX_L4_IGAGTGG
APOE_3M_23.FCHJKY5BBXX_L4_IACTGAT	FCHJKY5BBXX_L4_IACTGAT
APOE_3M_24.FCHJKY5BBXX_L4_IATTCCT	FCHJKY5BBXX_L4_IATTCCT
APOE_3M_25.FCHJKY5BBXX_L5_IATCACG	FCHJKY5BBXX_L5_IATCACG
APOE_3M_26.FCHJKY5BBXX_L5_ITTAGGC	FCHJKY5BBXX_L5_ITTAGGC
APOE_3M_27.FCHJKY5BBXX_L5_IACTTGA	FCHJKY5BBXX_L5_IACTTGA
APOE_3M_28.FCHJKY5BBXX_L5_IGATCAG	FCHJKY5BBXX_L5_IGATCAG
APOE_3M_29.FCHJKY5BBXX_L5_ITAGCTT	FCHJKY5BBXX_L5_ITAGCTT
APOE_3M_3.FCHJKY5BBXX_L1_IACTTGA	FCHJKY5BBXX_L1_IACTTGA
APOE_3M_30.FCHJKY5BBXX_L5_IGGCTAC	FCHJKY5BBXX_L5_IGGCTAC
APOE_3M_31.FCHJKY5BBXX_L6_IGTGGCC	FCHJKY5BBXX_L6_IGTGGCC
APOE_3M_32.FCHJKY5BBXX_L6_IGTTTCG	FCHJKY5BBXX_L6_IGTTTCG
APOE_3M_33.FCHJKY5BBXX_L6_ICGTACG	FCHJKY5BBXX_L6_ICGTACG
APOE_3M_34.FCHJKY5BBXX_L6_IGAGTGG	FCHJKY5BBXX_L6_IGAGTGG
APOE_3M_35.FCHJKY5BBXX_L6_IACTGAT	FCHJKY5BBXX_L6_IACTGAT
APOE_3M_36.FCHJKY5BBXX_L6_IATTCCT	FCHJKY5BBXX_L6_IATTCCT
APOE_3M_37.FCHJKY5BBXX_L7_IATCACG	FCHJKY5BBXX_L7_IATCACG
APOE_3M_38.FCHJKY5BBXX_L7_ITTAGGC	FCHJKY5BBXX_L7_ITTAGGC
APOE_3M_39.FCHJKY5BBXX_L7_IACTTGA	FCHJKY5BBXX_L7_IACTTGA
APOE_3M_4.FCHJKY5BBXX_L1_IGATCAG	FCHJKY5BBXX_L1_IGATCAG
APOE_3M_40.FCHJKY5BBXX_L7_IGATCAG	FCHJKY5BBXX_L7_IGATCAG
APOE_3M_41.FCHJKY5BBXX_L7_ITAGCTT	FCHJKY5BBXX_L7_ITAGCTT
APOE_3M_42.FCHJKY5BBXX_L7_IGGCTAC	FCHJKY5BBXX_L7_IGGCTAC
APOE_3M_43.FCHJKY5BBXX_L8_IGTGGCC	FCHJKY5BBXX_L8_IGTGGCC
APOE_3M_44.FCHJKY5BBXX_L8_IGTTTCG	FCHJKY5BBXX_L8_IGTTTCG
APOE_3M_45.FCHJKY5BBXX_L8_ICGTACG	FCHJKY5BBXX_L8_ICGTACG
APOE_3M_46.FCHJKY5BBXX_L8_IGAGTGG	FCHJKY5BBXX_L8_IGAGTGG
APOE_3M_47.FCHJKY5BBXX_L8_IACTGAT	FCHJKY5BBXX_L8_IACTGAT
APOE_3M_48.FCHJKY5BBXX_L8_IATTCCT	FCHJKY5BBXX_L8_IATTCCT
APOE_3M_5.FCHJKY5BBXX_L1_ITAGCTT	FCHJKY5BBXX_L1_ITAGCTT
APOE_3M_6.FCHJKY5BBXX_L1_IGGCTAC	FCHJKY5BBXX_L1_IGGCTAC
APOE_3M_7.FCHJKY5BBXX_L2_IGTGGCC	FCHJKY5BBXX_L2_IGTGGCC
APOE_3M_8.FCHJKY5BBXX_L2_IGTTTCG	FCHJKY5BBXX_L2_IGTTTCG
APOE_3M_9.FCHJKY5BBXX_L2_ICGTACG	FCHJKY5BBXX_L2_ICGTACG
